outcome,model,term,hr_ci,p_value
All-cause,Model 1,iri_q_refQ1,2.22 (0.36-13.58),0.3884
All-cause,Model 1,iri_q_refQ2,1.75 (0.07-43.84),0.7344
All-cause,Model 1,iri_q_refQ3,1.29 (0.44-3.77),0.6455
All-cause,Model 2,iri_q_refQ1,2.16 (0.35-13.39),0.4075
All-cause,Model 2,iri_q_refQ2,1.80 (0.08-42.68),0.7149
All-cause,Model 2,iri_q_refQ3,1.32 (0.42-4.12),0.6312
All-cause,Model 3,iri_q_refQ1,2.15 (0.44-10.61),0.3451
All-cause,Model 3,iri_q_refQ2,1.81 (0.07-44.88),0.7178
All-cause,Model 3,iri_q_refQ3,1.26 (0.45-3.56),0.6642
